{
    "Mean recall at 1": 0.42833333333333334,
    "Mean recall at 5": 0.77,
    "Mean recall at 100": 0.9816666666666667,
    "Mean average precision": 0.5710112433862431,
    "Similarity score for name": 1.0458303689956665,
    "Similarity score for section_name": 0.5215242505073547,
    "Similarity score for group_name": 0.634889543056488,
    "Similarity score for class_name": 1.1638261079788208,
    "Similarity score for explanation": 1.914677381515503,
    "Similarity score for keywords": 1.0856250524520874,
    "Term-doc score for name": 0.4167400002479553,
    "Term-doc score for section_name": 0.1153232753276825,
    "Term-doc score for group_name": -0.08666026592254639,
    "Term-doc score for class_name": 0.1737278252840042,
    "Term-doc score for explanation": 0.19838115572929382,
    "Term-doc score for keywords": 0.49674978852272034,
    "Bias": -2.1432178020477295,
    "no_ang": false,
    "train_size": 3000,
    "val_size": 600
}